LOGINID,EMPID,PASSWORD,LAST_RESET,FORCE_RESET
E9001,lbeere,password,2025-04-15 00:00:00,0
E9002,bwindless8,password,2025-04-15 00:00:00,0
E9003,eklagsemano,password,2025-04-15 00:00:00,0
E9004,abemet,password,2025-04-15 00:00:00,0
E9005,obesseym,password,2025-04-15 00:00:00,0
E9006,ggaye7,password,2025-04-15 00:00:00,1
E9007,afavella,password,2025-04-15 00:00:00,0
E9008,aabelak,password,2025-04-15 00:00:00,0
E9009,gshaylorl,password,2025-04-15 00:00:00,0
E9010,dmontgomery5,password,2025-04-15 00:00:00,0
E9011,gpfilzaclea9,password,2025-04-15 00:00:00,0
E9012,dlemoucheuxs,password,2025-04-15 00:00:00,0
E9013,fjobbinsd,password,2025-04-15 00:00:00,0
E9014,djohanni2,password,2025-04-15 00:00:00,0
E9015,phawkes3,password,2025-04-15 00:00:00,0
E9016,cpullarb,password,2025-04-15 00:00:00,0
E9017,kscardifeild,password,2025-04-15 00:00:00,0
E9018,cdrydall,password,2025-04-15 00:00:00,0
E9019,hcleee,password,2025-04-15 00:00:00,0
E9020,deynaldf,password,2025-04-15 00:00:00,0
E9021,hbarker4,password,2025-04-15 00:00:00,0
E9022,cgodall1,password,2025-04-15 00:00:00,0
E9023,hklouz5,password,2025-04-15 00:00:00,0
E9024,hbredell0,password,2025-04-15 00:00:00,0
E9025,bwartockn,password,2025-04-15 00:00:00,0
login_casey,E001,secret123,2025-04-17 20:27:26,0
login_E0009,E0009,cfhillskhdjhe,2025-04-21 19:48:30,0
login_E003,E003,123,2025-04-21 01:05:24,0
login_E004,E004,123,2025-04-21 18:08:59,0
login_E006,E006,123,2025-04-21 18:19:47,0
login_E007,E007,123,2025-04-21 18:46:58,0
login_E008,E008,pass1,2025-04-24 08:10:05,0
login_E009,E009,pass2,2025-04-24 08:10:05,0
login_E010,E010,123123123,2025-04-23 12:59:27,0
login_E011,E011,pass3,2025-04-24 08:10:05,0
login_E012,E012,pass4,2025-04-24 08:10:05,0
login_E013,E013,pass5,2025-04-24 08:10:05,0
login_E014,E014,pass6,2025-04-24 08:10:05,0
login_E015,E015,pass7,2025-04-24 08:10:05,0
login_E016,E016,pass8,2025-04-24 08:10:05,0
login_TEST02,TEST01,password123,2025-04-23 12:46:21,0
